key,0,1,2,3,4,5,6,7,8,9,10,11,12,13
#,,GlassesStyle,Icon,,Singular,,Plural,,,,,,Description,Name
offset,24,34,28,32,0,16,4,17,18,19,20,21,8,12
int32,uint32,GlassesStyle,Image,uint16,str,sbyte,str,sbyte,sbyte,sbyte,sbyte,sbyte,str,str
0,0,-1,0,0,"",0,"",0,0,1,0,0,"",""
1,71037,0,200049,0,"オーバルグラス",0,"",0,0,1,0,0,"カラー：プレーンのフェイスアクセサリー","オーバルグラス"
2,136573,0,200053,0,"オーバルグラス:シルバー",0,"",0,0,1,0,0,"カラー：シルバーのフェイスアクセサリー","オーバルグラス:シルバー"
3,202109,0,200052,0,"オーバルグラス:ゴールド",0,"",0,0,1,0,0,"カラー：ゴールドのフェイスアクセサリー","オーバルグラス:ゴールド"
4,267645,0,200054,0,"オーバルグラス:ブラック",0,"",0,0,1,0,0,"カラー：ブラックのフェイスアクセサリー","オーバルグラス:ブラック"
5,333181,0,200059,0,"オーバルグラス:ホワイト",0,"",0,0,1,0,0,"カラー：ホワイトのフェイスアクセサリー","オーバルグラス:ホワイト"
6,398717,0,200050,0,"オーバルグラス:グレー",0,"",0,0,1,0,0,"カラー：グレーのフェイスアクセサリー","オーバルグラス:グレー"
7,464253,0,200057,0,"オーバルグラス:レッド",0,"",0,0,1,0,0,"カラー：レッドのフェイスアクセサリー","オーバルグラス:レッド"
8,529789,0,200056,0,"オーバルグラス:ブルー",0,"",0,0,1,0,0,"カラー：ブルーのフェイスアクセサリー","オーバルグラス:ブルー"
9,595325,0,200060,0,"オーバルグラス:グリーン",0,"",0,0,1,0,0,"カラー：グリーンのフェイスアクセサリー","オーバルグラス:グリーン"
10,660861,0,200051,0,"オーバルグラス:ブラス",0,"",0,0,1,0,0,"カラー：ブラスのフェイスアクセサリー","オーバルグラス:ブラス"
11,726397,0,200055,0,"オーバルグラス:パープル",0,"",0,0,1,0,0,"カラー：パープルのフェイスアクセサリー","オーバルグラス:パープル"
12,791933,0,200058,0,"オーバルグラス:ブラウン",0,"",0,0,1,0,0,"カラー：ブラウンのフェイスアクセサリー","オーバルグラス:ブラウン"
13,71038,1,200085,0,"シェイデッドグラス",0,"",0,0,1,0,0,"カラー：プレーンのフェイスアクセサリー","シェイデッドグラス"
14,136574,1,200089,0,"シェイデッドグラス:シルバー",0,"",0,0,1,0,0,"カラー：シルバーのフェイスアクセサリー","シェイデッドグラス:シルバー"
15,202110,1,200088,0,"シェイデッドグラス:ゴールド",0,"",0,0,1,0,0,"カラー：ゴールドのフェイスアクセサリー","シェイデッドグラス:ゴールド"
16,267646,1,200090,0,"シェイデッドグラス:ブラック",0,"",0,0,1,0,0,"カラー：ブラックのフェイスアクセサリー","シェイデッドグラス:ブラック"
17,333182,1,200095,0,"シェイデッドグラス:ホワイト",0,"",0,0,1,0,0,"カラー：ホワイトのフェイスアクセサリー","シェイデッドグラス:ホワイト"
18,398718,1,200086,0,"シェイデッドグラス:グレー",0,"",0,0,1,0,0,"カラー：グレーのフェイスアクセサリー","シェイデッドグラス:グレー"
19,464254,1,200093,0,"シェイデッドグラス:レッド",0,"",0,0,1,0,0,"カラー：レッドのフェイスアクセサリー","シェイデッドグラス:レッド"
20,529790,1,200092,0,"シェイデッドグラス:ブルー",0,"",0,0,1,0,0,"カラー：ブルーのフェイスアクセサリー","シェイデッドグラス:ブルー"
21,595326,1,200096,0,"シェイデッドグラス:グリーン",0,"",0,0,1,0,0,"カラー：グリーンのフェイスアクセサリー","シェイデッドグラス:グリーン"
22,660862,1,200087,0,"シェイデッドグラス:ブラス",0,"",0,0,1,0,0,"カラー：ブラスのフェイスアクセサリー","シェイデッドグラス:ブラス"
23,726398,1,200091,0,"シェイデッドグラス:パープル",0,"",0,0,1,0,0,"カラー：パープルのフェイスアクセサリー","シェイデッドグラス:パープル"
24,791934,1,200094,0,"シェイデッドグラス:ブラウン",0,"",0,0,1,0,0,"カラー：ブラウンのフェイスアクセサリー","シェイデッドグラス:ブラウン"
25,71039,2,200061,0,"クラシックグラス",0,"",0,0,1,0,0,"カラー：プレーンのフェイスアクセサリー","クラシックグラス"
26,136575,2,200065,0,"クラシックグラス:シルバー",0,"",0,0,1,0,0,"カラー：シルバーのフェイスアクセサリー","クラシックグラス:シルバー"
27,202111,2,200064,0,"クラシックグラス:ゴールド",0,"",0,0,1,0,0,"カラー：ゴールドのフェイスアクセサリー","クラシックグラス:ゴールド"
28,267647,2,200066,0,"クラシックグラス:ブラック",0,"",0,0,1,0,0,"カラー：ブラックのフェイスアクセサリー","クラシックグラス:ブラック"
29,333183,2,200071,0,"クラシックグラス:ホワイト",0,"",0,0,1,0,0,"カラー：ホワイトのフェイスアクセサリー","クラシックグラス:ホワイト"
30,398719,2,200062,0,"クラシックグラス:グレー",0,"",0,0,1,0,0,"カラー：グレーのフェイスアクセサリー","クラシックグラス:グレー"
31,464255,2,200069,0,"クラシックグラス:レッド",0,"",0,0,1,0,0,"カラー：レッドのフェイスアクセサリー","クラシックグラス:レッド"
32,529791,2,200068,0,"クラシックグラス:ブルー",0,"",0,0,1,0,0,"カラー：ブルーのフェイスアクセサリー","クラシックグラス:ブルー"
33,595327,2,200072,0,"クラシックグラス:グリーン",0,"",0,0,1,0,0,"カラー：グリーンのフェイスアクセサリー","クラシックグラス:グリーン"
34,660863,2,200063,0,"クラシックグラス:ブラス",0,"",0,0,1,0,0,"カラー：ブラスのフェイスアクセサリー","クラシックグラス:ブラス"
35,726399,2,200067,0,"クラシックグラス:パープル",0,"",0,0,1,0,0,"カラー：パープルのフェイスアクセサリー","クラシックグラス:パープル"
36,791935,2,200070,0,"クラシックグラス:ブラウン",0,"",0,0,1,0,0,"カラー：ブラウンのフェイスアクセサリー","クラシックグラス:ブラウン"
37,71040,3,200013,0,"ローズカラースペクタクルズ",0,"",0,0,1,0,0,"カラー：プレーンのフェイスアクセサリー","ローズカラースペクタクルズ"
38,136576,3,200017,0,"ローズカラースペクタクルズ:シルバー",0,"",0,0,1,0,0,"カラー：シルバーのフェイスアクセサリー","ローズカラースペクタクルズ:シルバー"
39,202112,3,200016,0,"ローズカラースペクタクルズ:ゴールド",0,"",0,0,1,0,0,"カラー：ゴールドのフェイスアクセサリー","ローズカラースペクタクルズ:ゴールド"
40,267648,3,200018,0,"ローズカラースペクタクルズ:ブラック",0,"",0,0,1,0,0,"カラー：ブラックのフェイスアクセサリー","ローズカラースペクタクルズ:ブラック"
41,333184,3,200023,0,"ローズカラースペクタクルズ:ホワイト",0,"",0,0,1,0,0,"カラー：ホワイトのフェイスアクセサリー","ローズカラースペクタクルズ:ホワイト"
42,398720,3,200014,0,"ローズカラースペクタクルズ:グレー",0,"",0,0,1,0,0,"カラー：グレーのフェイスアクセサリー","ローズカラースペクタクルズ:グレー"
43,464256,3,200021,0,"ローズカラースペクタクルズ:レッド",0,"",0,0,1,0,0,"カラー：レッドのフェイスアクセサリー","ローズカラースペクタクルズ:レッド"
44,529792,3,200020,0,"ローズカラースペクタクルズ:ブルー",0,"",0,0,1,0,0,"カラー：ブルーのフェイスアクセサリー","ローズカラースペクタクルズ:ブルー"
45,595328,3,200024,0,"ローズカラースペクタクルズ:グリーン",0,"",0,0,1,0,0,"カラー：グリーンのフェイスアクセサリー","ローズカラースペクタクルズ:グリーン"
46,660864,3,200015,0,"ローズカラースペクタクルズ:ブラス",0,"",0,0,1,0,0,"カラー：ブラスのフェイスアクセサリー","ローズカラースペクタクルズ:ブラス"
47,726400,3,200019,0,"ローズカラースペクタクルズ:パープル",0,"",0,0,1,0,0,"カラー：パープルのフェイスアクセサリー","ローズカラースペクタクルズ:パープル"
48,791936,3,200022,0,"ローズカラースペクタクルズ:ブラウン",0,"",0,0,1,0,0,"カラー：ブラウンのフェイスアクセサリー","ローズカラースペクタクルズ:ブラウン"
49,71041,4,200001,0,"ベーシックスペクタクルズ",0,"",0,0,1,0,0,"カラー：プレーンのフェイスアクセサリー","ベーシックスペクタクルズ"
50,136577,4,200005,0,"ベーシックスペクタクルズ:シルバー",0,"",0,0,1,0,0,"カラー：シルバーのフェイスアクセサリー","ベーシックスペクタクルズ:シルバー"
51,202113,4,200004,0,"ベーシックスペクタクルズ:ゴールド",0,"",0,0,1,0,0,"カラー：ゴールドのフェイスアクセサリー","ベーシックスペクタクルズ:ゴールド"
52,267649,4,200006,0,"ベーシックスペクタクルズ:ブラック",0,"",0,0,1,0,0,"カラー：ブラックのフェイスアクセサリー","ベーシックスペクタクルズ:ブラック"
53,333185,4,200011,0,"ベーシックスペクタクルズ:ホワイト",0,"",0,0,1,0,0,"カラー：ホワイトのフェイスアクセサリー","ベーシックスペクタクルズ:ホワイト"
54,398721,4,200002,0,"ベーシックスペクタクルズ:グレー",0,"",0,0,1,0,0,"カラー：グレーのフェイスアクセサリー","ベーシックスペクタクルズ:グレー"
55,464257,4,200009,0,"ベーシックスペクタクルズ:レッド",0,"",0,0,1,0,0,"カラー：レッドのフェイスアクセサリー","ベーシックスペクタクルズ:レッド"
56,529793,4,200008,0,"ベーシックスペクタクルズ:ブルー",0,"",0,0,1,0,0,"カラー：ブルーのフェイスアクセサリー","ベーシックスペクタクルズ:ブルー"
57,595329,4,200012,0,"ベーシックスペクタクルズ:グリーン",0,"",0,0,1,0,0,"カラー：グリーンのフェイスアクセサリー","ベーシックスペクタクルズ:グリーン"
58,660865,4,200003,0,"ベーシックスペクタクルズ:ブラス",0,"",0,0,1,0,0,"カラー：ブラスのフェイスアクセサリー","ベーシックスペクタクルズ:ブラス"
59,726401,4,200007,0,"ベーシックスペクタクルズ:パープル",0,"",0,0,1,0,0,"カラー：パープルのフェイスアクセサリー","ベーシックスペクタクルズ:パープル"
60,791937,4,200010,0,"ベーシックスペクタクルズ:ブラウン",0,"",0,0,1,0,0,"カラー：ブラウンのフェイスアクセサリー","ベーシックスペクタクルズ:ブラウン"
61,71042,5,200025,0,"モノクル",0,"",0,0,1,0,0,"カラー：プレーンのフェイスアクセサリー","モノクル"
62,136578,5,200029,0,"モノクル:シルバー",0,"",0,0,1,0,0,"カラー：シルバーのフェイスアクセサリー","モノクル:シルバー"
63,202114,5,200028,0,"モノクル:ゴールド",0,"",0,0,1,0,0,"カラー：ゴールドのフェイスアクセサリー","モノクル:ゴールド"
64,267650,5,200030,0,"モノクル:ブラック",0,"",0,0,1,0,0,"カラー：ブラックのフェイスアクセサリー","モノクル:ブラック"
65,333186,5,200035,0,"モノクル:ホワイト",0,"",0,0,1,0,0,"カラー：ホワイトのフェイスアクセサリー","モノクル:ホワイト"
66,398722,5,200026,0,"モノクル:グレー",0,"",0,0,1,0,0,"カラー：グレーのフェイスアクセサリー","モノクル:グレー"
67,464258,5,200033,0,"モノクル:レッド",0,"",0,0,1,0,0,"カラー：レッドのフェイスアクセサリー","モノクル:レッド"
68,529794,5,200032,0,"モノクル:ブルー",0,"",0,0,1,0,0,"カラー：ブルーのフェイスアクセサリー","モノクル:ブルー"
69,595330,5,200036,0,"モノクル:グリーン",0,"",0,0,1,0,0,"カラー：グリーンのフェイスアクセサリー","モノクル:グリーン"
70,660866,5,200027,0,"モノクル:ブラス",0,"",0,0,1,0,0,"カラー：ブラスのフェイスアクセサリー","モノクル:ブラス"
71,726402,5,200031,0,"モノクル:パープル",0,"",0,0,1,0,0,"カラー：パープルのフェイスアクセサリー","モノクル:パープル"
72,791938,5,200034,0,"モノクル:ブラウン",0,"",0,0,1,0,0,"カラー：ブラウンのフェイスアクセサリー","モノクル:ブラウン"
73,71043,6,200037,0,"モダンパンスネ",0,"",0,0,1,0,0,"カラー：プレーンのフェイスアクセサリー","モダンパンスネ"
74,136579,6,200041,0,"モダンパンスネ:シルバー",0,"",0,0,1,0,0,"カラー：シルバーのフェイスアクセサリー","モダンパンスネ:シルバー"
75,202115,6,200040,0,"モダンパンスネ:ゴールド",0,"",0,0,1,0,0,"カラー：ゴールドのフェイスアクセサリー","モダンパンスネ:ゴールド"
76,267651,6,200042,0,"モダンパンスネ:ブラック",0,"",0,0,1,0,0,"カラー：ブラックのフェイスアクセサリー","モダンパンスネ:ブラック"
77,333187,6,200047,0,"モダンパンスネ:ホワイト",0,"",0,0,1,0,0,"カラー：ホワイトのフェイスアクセサリー","モダンパンスネ:ホワイト"
78,398723,6,200038,0,"モダンパンスネ:グレー",0,"",0,0,1,0,0,"カラー：グレーのフェイスアクセサリー","モダンパンスネ:グレー"
79,464259,6,200045,0,"モダンパンスネ:レッド",0,"",0,0,1,0,0,"カラー：レッドのフェイスアクセサリー","モダンパンスネ:レッド"
80,529795,6,200044,0,"モダンパンスネ:ブルー",0,"",0,0,1,0,0,"カラー：ブルーのフェイスアクセサリー","モダンパンスネ:ブルー"
81,595331,6,200048,0,"モダンパンスネ:グリーン",0,"",0,0,1,0,0,"カラー：グリーンのフェイスアクセサリー","モダンパンスネ:グリーン"
82,660867,6,200039,0,"モダンパンスネ:ブラス",0,"",0,0,1,0,0,"カラー：ブラスのフェイスアクセサリー","モダンパンスネ:ブラス"
83,726403,6,200043,0,"モダンパンスネ:パープル",0,"",0,0,1,0,0,"カラー：パープルのフェイスアクセサリー","モダンパンスネ:パープル"
84,791939,6,200046,0,"モダンパンスネ:ブラウン",0,"",0,0,1,0,0,"カラー：ブラウンのフェイスアクセサリー","モダンパンスネ:ブラウン"
85,71044,7,200097,0,"リムレスグラス",0,"",0,0,1,0,0,"カラー：プレーンのフェイスアクセサリー","リムレスグラス"
86,136580,7,200101,0,"リムレスグラス:シルバー",0,"",0,0,1,0,0,"カラー：シルバーのフェイスアクセサリー","リムレスグラス:シルバー"
87,202116,7,200100,0,"リムレスグラス:ゴールド",0,"",0,0,1,0,0,"カラー：ゴールドのフェイスアクセサリー","リムレスグラス:ゴールド"
88,267652,7,200102,0,"リムレスグラス:ブラック",0,"",0,0,1,0,0,"カラー：ブラックのフェイスアクセサリー","リムレスグラス:ブラック"
89,333188,7,200107,0,"リムレスグラス:ホワイト",0,"",0,0,1,0,0,"カラー：ホワイトのフェイスアクセサリー","リムレスグラス:ホワイト"
90,398724,7,200098,0,"リムレスグラス:グレー",0,"",0,0,1,0,0,"カラー：グレーのフェイスアクセサリー","リムレスグラス:グレー"
91,464260,7,200105,0,"リムレスグラス:レッド",0,"",0,0,1,0,0,"カラー：レッドのフェイスアクセサリー","リムレスグラス:レッド"
92,529796,7,200104,0,"リムレスグラス:ブルー",0,"",0,0,1,0,0,"カラー：ブルーのフェイスアクセサリー","リムレスグラス:ブルー"
93,595332,7,200108,0,"リムレスグラス:グリーン",0,"",0,0,1,0,0,"カラー：グリーンのフェイスアクセサリー","リムレスグラス:グリーン"
94,660868,7,200099,0,"リムレスグラス:ブラス",0,"",0,0,1,0,0,"カラー：ブラスのフェイスアクセサリー","リムレスグラス:ブラス"
95,726404,7,200103,0,"リムレスグラス:パープル",0,"",0,0,1,0,0,"カラー：パープルのフェイスアクセサリー","リムレスグラス:パープル"
96,791940,7,200106,0,"リムレスグラス:ブラウン",0,"",0,0,1,0,0,"カラー：ブラウンのフェイスアクセサリー","リムレスグラス:ブラウン"
97,71045,8,200109,0,"ボールドリムグラス",0,"",0,0,1,0,0,"カラー：プレーンのフェイスアクセサリー","ボールドリムグラス"
98,136581,8,200113,0,"ボールドリムグラス:シルバー",0,"",0,0,1,0,0,"カラー：シルバーのフェイスアクセサリー","ボールドリムグラス:シルバー"
99,202117,8,200112,0,"ボールドリムグラス:ゴールド",0,"",0,0,1,0,0,"カラー：ゴールドのフェイスアクセサリー","ボールドリムグラス:ゴールド"
100,267653,8,200114,0,"ボールドリムグラス:ブラック",0,"",0,0,1,0,0,"カラー：ブラックのフェイスアクセサリー","ボールドリムグラス:ブラック"
101,333189,8,200119,0,"ボールドリムグラス:ホワイト",0,"",0,0,1,0,0,"カラー：ホワイトのフェイスアクセサリー","ボールドリムグラス:ホワイト"
102,398725,8,200110,0,"ボールドリムグラス:グレー",0,"",0,0,1,0,0,"カラー：グレーのフェイスアクセサリー","ボールドリムグラス:グレー"
103,464261,8,200117,0,"ボールドリムグラス:レッド",0,"",0,0,1,0,0,"カラー：レッドのフェイスアクセサリー","ボールドリムグラス:レッド"
104,529797,8,200116,0,"ボールドリムグラス:ブルー",0,"",0,0,1,0,0,"カラー：ブルーのフェイスアクセサリー","ボールドリムグラス:ブルー"
105,595333,8,200120,0,"ボールドリムグラス:グリーン",0,"",0,0,1,0,0,"カラー：グリーンのフェイスアクセサリー","ボールドリムグラス:グリーン"
106,660869,8,200111,0,"ボールドリムグラス:ブラス",0,"",0,0,1,0,0,"カラー：ブラスのフェイスアクセサリー","ボールドリムグラス:ブラス"
107,726405,8,200115,0,"ボールドリムグラス:パープル",0,"",0,0,1,0,0,"カラー：パープルのフェイスアクセサリー","ボールドリムグラス:パープル"
108,791941,8,200118,0,"ボールドリムグラス:ブラウン",0,"",0,0,1,0,0,"カラー：ブラウンのフェイスアクセサリー","ボールドリムグラス:ブラウン"
109,71046,9,200073,0,"ミンストレルグラス",0,"",0,0,1,0,0,"カラー：プレーンのフェイスアクセサリー","ミンストレルグラス"
110,136582,9,200077,0,"ミンストレルグラス:シルバー",0,"",0,0,1,0,0,"カラー：シルバーのフェイスアクセサリー","ミンストレルグラス:シルバー"
111,202118,9,200076,0,"ミンストレルグラス:ゴールド",0,"",0,0,1,0,0,"カラー：ゴールドのフェイスアクセサリー","ミンストレルグラス:ゴールド"
112,267654,9,200078,0,"ミンストレルグラス:ブラック",0,"",0,0,1,0,0,"カラー：ブラックのフェイスアクセサリー","ミンストレルグラス:ブラック"
113,333190,9,200083,0,"ミンストレルグラス:ホワイト",0,"",0,0,1,0,0,"カラー：ホワイトのフェイスアクセサリー","ミンストレルグラス:ホワイト"
114,398726,9,200074,0,"ミンストレルグラス:グレー",0,"",0,0,1,0,0,"カラー：グレーのフェイスアクセサリー","ミンストレルグラス:グレー"
115,464262,9,200081,0,"ミンストレルグラス:レッド",0,"",0,0,1,0,0,"カラー：レッドのフェイスアクセサリー","ミンストレルグラス:レッド"
116,529798,9,200080,0,"ミンストレルグラス:ブルー",0,"",0,0,1,0,0,"カラー：ブルーのフェイスアクセサリー","ミンストレルグラス:ブルー"
117,595334,9,200084,0,"ミンストレルグラス:グリーン",0,"",0,0,1,0,0,"カラー：グリーンのフェイスアクセサリー","ミンストレルグラス:グリーン"
118,660870,9,200075,0,"ミンストレルグラス:ブラス",0,"",0,0,1,0,0,"カラー：ブラスのフェイスアクセサリー","ミンストレルグラス:ブラス"
119,726406,9,200079,0,"ミンストレルグラス:パープル",0,"",0,0,1,0,0,"カラー：パープルのフェイスアクセサリー","ミンストレルグラス:パープル"
120,791942,9,200082,0,"ミンストレルグラス:ブラウン",0,"",0,0,1,0,0,"カラー：ブラウンのフェイスアクセサリー","ミンストレルグラス:ブラウン"
121,71047,10,200121,0,"パンスネ",0,"",0,0,1,0,0,"カラー：プレーンのフェイスアクセサリー","パンスネ"
122,136583,10,200122,0,"パンスネ:シルバー",0,"",0,0,1,0,0,"カラー：シルバーのフェイスアクセサリー","パンスネ:シルバー"
123,202119,10,200123,0,"パンスネ:ゴールド",0,"",0,0,1,0,0,"カラー：ゴールドのフェイスアクセサリー","パンスネ:ゴールド"
124,267655,10,200124,0,"パンスネ:ブラック",0,"",0,0,1,0,0,"カラー：ブラックのフェイスアクセサリー","パンスネ:ブラック"
125,333191,10,200125,0,"パンスネ:ホワイト",0,"",0,0,1,0,0,"カラー：ホワイトのフェイスアクセサリー","パンスネ:ホワイト"
126,398727,10,200126,0,"パンスネ:グレー",0,"",0,0,1,0,0,"カラー：グレーのフェイスアクセサリー","パンスネ:グレー"
127,464263,10,200127,0,"パンスネ:レッド",0,"",0,0,1,0,0,"カラー：レッドのフェイスアクセサリー","パンスネ:レッド"
128,529799,10,200128,0,"パンスネ:ブルー",0,"",0,0,1,0,0,"カラー：ブルーのフェイスアクセサリー","パンスネ:ブルー"
129,595335,10,200129,0,"パンスネ:グリーン",0,"",0,0,1,0,0,"カラー：グリーンのフェイスアクセサリー","パンスネ:グリーン"
130,660871,10,200130,0,"パンスネ:ブラス",0,"",0,0,1,0,0,"カラー：ブラスのフェイスアクセサリー","パンスネ:ブラス"
131,726407,10,200131,0,"パンスネ:パープル",0,"",0,0,1,0,0,"カラー：パープルのフェイスアクセサリー","パンスネ:パープル"
132,791943,10,200132,0,"パンスネ:ブラウン",0,"",0,0,1,0,0,"カラー：ブラウンのフェイスアクセサリー","パンスネ:ブラウン"
133,71048,11,200133,0,"マグニファイアーズ",0,"",0,0,1,0,0,"カラー：プレーンのフェイスアクセサリー","マグニファイアーズ"
134,136584,11,200134,0,"マグニファイアーズ:シルバー",0,"",0,0,1,0,0,"カラー：シルバーのフェイスアクセサリー","マグニファイアーズ:シルバー"
135,202120,11,200135,0,"マグニファイアーズ:ゴールド",0,"",0,0,1,0,0,"カラー：ゴールドのフェイスアクセサリー","マグニファイアーズ:ゴールド"
136,267656,11,200136,0,"マグニファイアーズ:ブラック",0,"",0,0,1,0,0,"カラー：ブラックのフェイスアクセサリー","マグニファイアーズ:ブラック"
137,333192,11,200137,0,"マグニファイアーズ:ホワイト",0,"",0,0,1,0,0,"カラー：ホワイトのフェイスアクセサリー","マグニファイアーズ:ホワイト"
138,398728,11,200138,0,"マグニファイアーズ:グレー",0,"",0,0,1,0,0,"カラー：グレーのフェイスアクセサリー","マグニファイアーズ:グレー"
139,464264,11,200139,0,"マグニファイアーズ:レッド",0,"",0,0,1,0,0,"カラー：レッドのフェイスアクセサリー","マグニファイアーズ:レッド"
140,529800,11,200140,0,"マグニファイアーズ:ブルー",0,"",0,0,1,0,0,"カラー：ブルーのフェイスアクセサリー","マグニファイアーズ:ブルー"
141,595336,11,200141,0,"マグニファイアーズ:グリーン",0,"",0,0,1,0,0,"カラー：グリーンのフェイスアクセサリー","マグニファイアーズ:グリーン"
142,660872,11,200142,0,"マグニファイアーズ:ブラス",0,"",0,0,1,0,0,"カラー：ブラスのフェイスアクセサリー","マグニファイアーズ:ブラス"
143,726408,11,200143,0,"マグニファイアーズ:パープル",0,"",0,0,1,0,0,"カラー：パープルのフェイスアクセサリー","マグニファイアーズ:パープル"
144,791944,11,200144,0,"マグニファイアーズ:ブラウン",0,"",0,0,1,0,0,"カラー：ブラウンのフェイスアクセサリー","マグニファイアーズ:ブラウン"
145,71049,12,200145,0,"ブラスゴーグル",0,"",0,0,1,0,0,"カラー：プレーンのフェイスアクセサリー","ブラスゴーグル"
146,136585,12,200146,0,"ブラスゴーグル:シルバー",0,"",0,0,1,0,0,"カラー：シルバーのフェイスアクセサリー","ブラスゴーグル:シルバー"
147,202121,12,200147,0,"ブラスゴーグル:ゴールド",0,"",0,0,1,0,0,"カラー：ゴールドのフェイスアクセサリー","ブラスゴーグル:ゴールド"
148,267657,12,200148,0,"ブラスゴーグル:ブラック",0,"",0,0,1,0,0,"カラー：ブラックのフェイスアクセサリー","ブラスゴーグル:ブラック"
149,333193,12,200149,0,"ブラスゴーグル:ホワイト",0,"",0,0,1,0,0,"カラー：ホワイトのフェイスアクセサリー","ブラスゴーグル:ホワイト"
150,398729,12,200150,0,"ブラスゴーグル:グレー",0,"",0,0,1,0,0,"カラー：グレーのフェイスアクセサリー","ブラスゴーグル:グレー"
151,464265,12,200151,0,"ブラスゴーグル:レッド",0,"",0,0,1,0,0,"カラー：レッドのフェイスアクセサリー","ブラスゴーグル:レッド"
152,529801,12,200152,0,"ブラスゴーグル:ブルー",0,"",0,0,1,0,0,"カラー：ブルーのフェイスアクセサリー","ブラスゴーグル:ブルー"
153,595337,12,200153,0,"ブラスゴーグル:グリーン",0,"",0,0,1,0,0,"カラー：グリーンのフェイスアクセサリー","ブラスゴーグル:グリーン"
154,660873,12,200154,0,"ブラスゴーグル:ブラス",0,"",0,0,1,0,0,"カラー：ブラスのフェイスアクセサリー","ブラスゴーグル:ブラス"
155,726409,12,200155,0,"ブラスゴーグル:パープル",0,"",0,0,1,0,0,"カラー：パープルのフェイスアクセサリー","ブラスゴーグル:パープル"
156,791945,12,200156,0,"ブラスゴーグル:ブラウン",0,"",0,0,1,0,0,"カラー：ブラウンのフェイスアクセサリー","ブラスゴーグル:ブラウン"
157,71050,13,200157,0,"アンダーリムグラス",0,"",0,0,1,0,0,"カラー：プレーンのフェイスアクセサリー","アンダーリムグラス"
158,136586,13,200158,0,"アンダーリムグラス:シルバー",0,"",0,0,1,0,0,"カラー：シルバーのフェイスアクセサリー","アンダーリムグラス:シルバー"
159,202122,13,200159,0,"アンダーリムグラス:ゴールド",0,"",0,0,1,0,0,"カラー：ゴールドのフェイスアクセサリー","アンダーリムグラス:ゴールド"
160,267658,13,200160,0,"アンダーリムグラス:ブラック",0,"",0,0,1,0,0,"カラー：ブラックのフェイスアクセサリー","アンダーリムグラス:ブラック"
161,333194,13,200161,0,"アンダーリムグラス:ホワイト",0,"",0,0,1,0,0,"カラー：ホワイトのフェイスアクセサリー","アンダーリムグラス:ホワイト"
162,398730,13,200162,0,"アンダーリムグラス:グレー",0,"",0,0,1,0,0,"カラー：グレーのフェイスアクセサリー","アンダーリムグラス:グレー"
163,464266,13,200163,0,"アンダーリムグラス:レッド",0,"",0,0,1,0,0,"カラー：レッドのフェイスアクセサリー","アンダーリムグラス:レッド"
164,529802,13,200164,0,"アンダーリムグラス:ブルー",0,"",0,0,1,0,0,"カラー：ブルーのフェイスアクセサリー","アンダーリムグラス:ブルー"
165,595338,13,200165,0,"アンダーリムグラス:グリーン",0,"",0,0,1,0,0,"カラー：グリーンのフェイスアクセサリー","アンダーリムグラス:グリーン"
166,660874,13,200166,0,"アンダーリムグラス:ブラス",0,"",0,0,1,0,0,"カラー：ブラスのフェイスアクセサリー","アンダーリムグラス:ブラス"
167,726410,13,200167,0,"アンダーリムグラス:パープル",0,"",0,0,1,0,0,"カラー：パープルのフェイスアクセサリー","アンダーリムグラス:パープル"
168,791946,13,200168,0,"アンダーリムグラス:ブラウン",0,"",0,0,1,0,0,"カラー：ブラウンのフェイスアクセサリー","アンダーリムグラス:ブラウン"
169,71051,14,200169,0,"オーバルリーディンググラス",0,"",0,0,1,0,0,"カラー：プレーンのフェイスアクセサリー","オーバルリーディンググラス"
170,136587,14,200170,0,"オーバルリーディンググラス:シルバー",0,"",0,0,1,0,0,"カラー：シルバーのフェイスアクセサリー","オーバルリーディンググラス:シルバー"
171,202123,14,200171,0,"オーバルリーディンググラス:ゴールド",0,"",0,0,1,0,0,"カラー：ゴールドのフェイスアクセサリー","オーバルリーディンググラス:ゴールド"
172,267659,14,200172,0,"オーバルリーディンググラス:ブラック",0,"",0,0,1,0,0,"カラー：ブラックのフェイスアクセサリー","オーバルリーディンググラス:ブラック"
173,333195,14,200173,0,"オーバルリーディンググラス:ホワイト",0,"",0,0,1,0,0,"カラー：ホワイトのフェイスアクセサリー","オーバルリーディンググラス:ホワイト"
174,398731,14,200174,0,"オーバルリーディンググラス:グレー",0,"",0,0,1,0,0,"カラー：グレーのフェイスアクセサリー","オーバルリーディンググラス:グレー"
175,464267,14,200175,0,"オーバルリーディンググラス:レッド",0,"",0,0,1,0,0,"カラー：レッドのフェイスアクセサリー","オーバルリーディンググラス:レッド"
176,529803,14,200176,0,"オーバルリーディンググラス:ブルー",0,"",0,0,1,0,0,"カラー：ブルーのフェイスアクセサリー","オーバルリーディンググラス:ブルー"
177,595339,14,200177,0,"オーバルリーディンググラス:グリーン",0,"",0,0,1,0,0,"カラー：グリーンのフェイスアクセサリー","オーバルリーディンググラス:グリーン"
178,660875,14,200178,0,"オーバルリーディンググラス:ブラス",0,"",0,0,1,0,0,"カラー：ブラスのフェイスアクセサリー","オーバルリーディンググラス:ブラス"
179,726411,14,200179,0,"オーバルリーディンググラス:パープル",0,"",0,0,1,0,0,"カラー：パープルのフェイスアクセサリー","オーバルリーディンググラス:パープル"
180,791947,14,200180,0,"オーバルリーディンググラス:ブラウン",0,"",0,0,1,0,0,"カラー：ブラウンのフェイスアクセサリー","オーバルリーディンググラス:ブラウン"
181,71052,15,200181,0,"エレガント・リムレスグラス",0,"",0,0,1,0,0,"カラー：プレーンのフェイスアクセサリー","エレガント・リムレスグラス"
182,136588,15,200182,0,"エレガント・リムレスグラス:シルバー",0,"",0,0,1,0,0,"カラー：シルバーのフェイスアクセサリー","エレガント・リムレスグラス:シルバー"
183,202124,15,200183,0,"エレガント・リムレスグラス:ゴールド",0,"",0,0,1,0,0,"カラー：ゴールドのフェイスアクセサリー","エレガント・リムレスグラス:ゴールド"
184,267660,15,200184,0,"エレガント・リムレスグラス:ブラック",0,"",0,0,1,0,0,"カラー：ブラックのフェイスアクセサリー","エレガント・リムレスグラス:ブラック"
185,333196,15,200185,0,"エレガント・リムレスグラス:ホワイト",0,"",0,0,1,0,0,"カラー：ホワイトのフェイスアクセサリー","エレガント・リムレスグラス:ホワイト"
186,398732,15,200186,0,"エレガント・リムレスグラス:グレー",0,"",0,0,1,0,0,"カラー：グレーのフェイスアクセサリー","エレガント・リムレスグラス:グレー"
187,464268,15,200187,0,"エレガント・リムレスグラス:レッド",0,"",0,0,1,0,0,"カラー：レッドのフェイスアクセサリー","エレガント・リムレスグラス:レッド"
188,529804,15,200188,0,"エレガント・リムレスグラス:ブルー",0,"",0,0,1,0,0,"カラー：ブルーのフェイスアクセサリー","エレガント・リムレスグラス:ブルー"
189,595340,15,200189,0,"エレガント・リムレスグラス:グリーン",0,"",0,0,1,0,0,"カラー：グリーンのフェイスアクセサリー","エレガント・リムレスグラス:グリーン"
190,660876,15,200190,0,"エレガント・リムレスグラス:ブラス",0,"",0,0,1,0,0,"カラー：ブラスのフェイスアクセサリー","エレガント・リムレスグラス:ブラス"
191,726412,15,200191,0,"エレガント・リムレスグラス:パープル",0,"",0,0,1,0,0,"カラー：パープルのフェイスアクセサリー","エレガント・リムレスグラス:パープル"
192,791948,15,200192,0,"エレガント・リムレスグラス:ブラウン",0,"",0,0,1,0,0,"カラー：ブラウンのフェイスアクセサリー","エレガント・リムレスグラス:ブラウン"
193,71053,16,200193,0,"キャットアイグラス",0,"",0,0,1,0,0,"カラー：プレーンのフェイスアクセサリー","キャットアイグラス"
194,136589,16,200194,0,"キャットアイグラス:シルバー",0,"",0,0,1,0,0,"カラー：シルバーのフェイスアクセサリー","キャットアイグラス:シルバー"
195,202125,16,200195,0,"キャットアイグラス:ゴールド",0,"",0,0,1,0,0,"カラー：ゴールドのフェイスアクセサリー","キャットアイグラス:ゴールド"
196,267661,16,200196,0,"キャットアイグラス:ブラック",0,"",0,0,1,0,0,"カラー：ブラックのフェイスアクセサリー","キャットアイグラス:ブラック"
197,333197,16,200197,0,"キャットアイグラス:ホワイト",0,"",0,0,1,0,0,"カラー：ホワイトのフェイスアクセサリー","キャットアイグラス:ホワイト"
198,398733,16,200198,0,"キャットアイグラス:グレー",0,"",0,0,1,0,0,"カラー：グレーのフェイスアクセサリー","キャットアイグラス:グレー"
199,464269,16,200199,0,"キャットアイグラス:レッド",0,"",0,0,1,0,0,"カラー：レッドのフェイスアクセサリー","キャットアイグラス:レッド"
200,529805,16,200200,0,"キャットアイグラス:ブルー",0,"",0,0,1,0,0,"カラー：ブルーのフェイスアクセサリー","キャットアイグラス:ブルー"
201,595341,16,200201,0,"キャットアイグラス:グリーン",0,"",0,0,1,0,0,"カラー：グリーンのフェイスアクセサリー","キャットアイグラス:グリーン"
202,660877,16,200202,0,"キャットアイグラス:ブラス",0,"",0,0,1,0,0,"カラー：ブラスのフェイスアクセサリー","キャットアイグラス:ブラス"
203,726413,16,200203,0,"キャットアイグラス:パープル",0,"",0,0,1,0,0,"カラー：パープルのフェイスアクセサリー","キャットアイグラス:パープル"
204,791949,16,200204,0,"キャットアイグラス:ブラウン",0,"",0,0,1,0,0,"カラー：ブラウンのフェイスアクセサリー","キャットアイグラス:ブラウン"
205,71054,17,200205,0,"スリムフレームグラス",0,"",0,0,1,0,0,"カラー：プレーンのフェイスアクセサリー","スリムフレームグラス"
206,136590,17,200206,0,"スリムフレームグラス:シルバー",0,"",0,0,1,0,0,"カラー：シルバーのフェイスアクセサリー","スリムフレームグラス:シルバー"
207,202126,17,200207,0,"スリムフレームグラス:ゴールド",0,"",0,0,1,0,0,"カラー：ゴールドのフェイスアクセサリー","スリムフレームグラス:ゴールド"
208,267662,17,200208,0,"スリムフレームグラス:ブラック",0,"",0,0,1,0,0,"カラー：ブラックのフェイスアクセサリー","スリムフレームグラス:ブラック"
209,333198,17,200209,0,"スリムフレームグラス:ホワイト",0,"",0,0,1,0,0,"カラー：ホワイトのフェイスアクセサリー","スリムフレームグラス:ホワイト"
210,398734,17,200210,0,"スリムフレームグラス:グレー",0,"",0,0,1,0,0,"カラー：グレーのフェイスアクセサリー","スリムフレームグラス:グレー"
211,464270,17,200211,0,"スリムフレームグラス:レッド",0,"",0,0,1,0,0,"カラー：レッドのフェイスアクセサリー","スリムフレームグラス:レッド"
212,529806,17,200212,0,"スリムフレームグラス:ブルー",0,"",0,0,1,0,0,"カラー：ブルーのフェイスアクセサリー","スリムフレームグラス:ブルー"
213,595342,17,200213,0,"スリムフレームグラス:グリーン",0,"",0,0,1,0,0,"カラー：グリーンのフェイスアクセサリー","スリムフレームグラス:グリーン"
214,660878,17,200214,0,"スリムフレームグラス:ブラス",0,"",0,0,1,0,0,"カラー：ブラスのフェイスアクセサリー","スリムフレームグラス:ブラス"
215,726414,17,200215,0,"スリムフレームグラス:パープル",0,"",0,0,1,0,0,"カラー：パープルのフェイスアクセサリー","スリムフレームグラス:パープル"
216,791950,17,200216,0,"スリムフレームグラス:ブラウン",0,"",0,0,1,0,0,"カラー：ブラウンのフェイスアクセサリー","スリムフレームグラス:ブラウン"
217,71055,18,200217,0,"スモークゴーグル",0,"",0,0,1,0,0,"カラー：プレーンのフェイスアクセサリー","スモークゴーグル"
218,136591,18,200218,0,"スモークゴーグル:シルバー",0,"",0,0,1,0,0,"カラー：シルバーのフェイスアクセサリー","スモークゴーグル:シルバー"
219,202127,18,200219,0,"スモークゴーグル:ゴールド",0,"",0,0,1,0,0,"カラー：ゴールドのフェイスアクセサリー","スモークゴーグル:ゴールド"
220,267663,18,200220,0,"スモークゴーグル:ブラック",0,"",0,0,1,0,0,"カラー：ブラックのフェイスアクセサリー","スモークゴーグル:ブラック"
221,333199,18,200221,0,"スモークゴーグル:ホワイト",0,"",0,0,1,0,0,"カラー：ホワイトのフェイスアクセサリー","スモークゴーグル:ホワイト"
222,398735,18,200222,0,"スモークゴーグル:グレー",0,"",0,0,1,0,0,"カラー：グレーのフェイスアクセサリー","スモークゴーグル:グレー"
223,464271,18,200223,0,"スモークゴーグル:レッド",0,"",0,0,1,0,0,"カラー：レッドのフェイスアクセサリー","スモークゴーグル:レッド"
224,529807,18,200224,0,"スモークゴーグル:ブルー",0,"",0,0,1,0,0,"カラー：ブルーのフェイスアクセサリー","スモークゴーグル:ブルー"
225,595343,18,200225,0,"スモークゴーグル:グリーン",0,"",0,0,1,0,0,"カラー：グリーンのフェイスアクセサリー","スモークゴーグル:グリーン"
226,660879,18,200226,0,"スモークゴーグル:ブラス",0,"",0,0,1,0,0,"カラー：ブラスのフェイスアクセサリー","スモークゴーグル:ブラス"
227,726415,18,200227,0,"スモークゴーグル:パープル",0,"",0,0,1,0,0,"カラー：パープルのフェイスアクセサリー","スモークゴーグル:パープル"
228,791951,18,200228,0,"スモークゴーグル:ブラウン",0,"",0,0,1,0,0,"カラー：ブラウンのフェイスアクセサリー","スモークゴーグル:ブラウン"
229,71056,19,200229,0,"アイパッチ:左",0,"",0,0,1,0,0,"カラー：プレーンのフェイスアクセサリー","アイパッチ:左"
230,136592,19,200230,0,"アイパッチ:左:シルバー",0,"",0,0,1,0,0,"カラー：シルバーのフェイスアクセサリー","アイパッチ:左:シルバー"
231,202128,19,200231,0,"アイパッチ:左:ゴールド",0,"",0,0,1,0,0,"カラー：ゴールドのフェイスアクセサリー","アイパッチ:左:ゴールド"
232,267664,19,200232,0,"アイパッチ:左:ブラック",0,"",0,0,1,0,0,"カラー：ブラックのフェイスアクセサリー","アイパッチ:左:ブラック"
233,333200,19,200233,0,"アイパッチ:左:ホワイト",0,"",0,0,1,0,0,"カラー：ホワイトのフェイスアクセサリー","アイパッチ:左:ホワイト"
234,398736,19,200234,0,"アイパッチ:左:グレー",0,"",0,0,1,0,0,"カラー：グレーのフェイスアクセサリー","アイパッチ:左:グレー"
235,464272,19,200235,0,"アイパッチ:左:レッド",0,"",0,0,1,0,0,"カラー：レッドのフェイスアクセサリー","アイパッチ:左:レッド"
236,529808,19,200236,0,"アイパッチ:左:ブルー",0,"",0,0,1,0,0,"カラー：ブルーのフェイスアクセサリー","アイパッチ:左:ブルー"
237,595344,19,200237,0,"アイパッチ:左:グリーン",0,"",0,0,1,0,0,"カラー：グリーンのフェイスアクセサリー","アイパッチ:左:グリーン"
238,660880,19,200238,0,"アイパッチ:左:ブラス",0,"",0,0,1,0,0,"カラー：ブラスのフェイスアクセサリー","アイパッチ:左:ブラス"
239,726416,19,200239,0,"アイパッチ:左:パープル",0,"",0,0,1,0,0,"カラー：パープルのフェイスアクセサリー","アイパッチ:左:パープル"
240,791952,19,200240,0,"アイパッチ:左:ブラウン",0,"",0,0,1,0,0,"カラー：ブラウンのフェイスアクセサリー","アイパッチ:左:ブラウン"
241,71057,20,200241,0,"アイパッチ:右",0,"",0,0,1,0,0,"カラー：プレーンのフェイスアクセサリー","アイパッチ:右"
242,136593,20,200242,0,"アイパッチ:右:シルバー",0,"",0,0,1,0,0,"カラー：シルバーのフェイスアクセサリー","アイパッチ:右:シルバー"
243,202129,20,200243,0,"アイパッチ:右:ゴールド",0,"",0,0,1,0,0,"カラー：ゴールドのフェイスアクセサリー","アイパッチ:右:ゴールド"
244,267665,20,200244,0,"アイパッチ:右:ブラック",0,"",0,0,1,0,0,"カラー：ブラックのフェイスアクセサリー","アイパッチ:右:ブラック"
245,333201,20,200245,0,"アイパッチ:右:ホワイト",0,"",0,0,1,0,0,"カラー：ホワイトのフェイスアクセサリー","アイパッチ:右:ホワイト"
246,398737,20,200246,0,"アイパッチ:右:グレー",0,"",0,0,1,0,0,"カラー：グレーのフェイスアクセサリー","アイパッチ:右:グレー"
247,464273,20,200247,0,"アイパッチ:右:レッド",0,"",0,0,1,0,0,"カラー：レッドのフェイスアクセサリー","アイパッチ:右:レッド"
248,529809,20,200248,0,"アイパッチ:右:ブルー",0,"",0,0,1,0,0,"カラー：ブルーのフェイスアクセサリー","アイパッチ:右:ブルー"
249,595345,20,200249,0,"アイパッチ:右:グリーン",0,"",0,0,1,0,0,"カラー：グリーンのフェイスアクセサリー","アイパッチ:右:グリーン"
250,660881,20,200250,0,"アイパッチ:右:ブラス",0,"",0,0,1,0,0,"カラー：ブラスのフェイスアクセサリー","アイパッチ:右:ブラス"
251,726417,20,200251,0,"アイパッチ:右:パープル",0,"",0,0,1,0,0,"カラー：パープルのフェイスアクセサリー","アイパッチ:右:パープル"
252,791953,20,200252,0,"アイパッチ:右:ブラウン",0,"",0,0,1,0,0,"カラー：ブラウンのフェイスアクセサリー","アイパッチ:右:ブラウン"
253,71058,21,200253,0,"メタルアイパッチ:左",0,"",0,0,1,0,0,"カラー：プレーンのフェイスアクセサリー","メタルアイパッチ:左"
254,136594,21,200254,0,"メタルアイパッチ:左:シルバー",0,"",0,0,1,0,0,"カラー：シルバーのフェイスアクセサリー","メタルアイパッチ:左:シルバー"
255,202130,21,200255,0,"メタルアイパッチ:左:ゴールド",0,"",0,0,1,0,0,"カラー：ゴールドのフェイスアクセサリー","メタルアイパッチ:左:ゴールド"
256,267666,21,200256,0,"メタルアイパッチ:左:ブラック",0,"",0,0,1,0,0,"カラー：ブラックのフェイスアクセサリー","メタルアイパッチ:左:ブラック"
257,333202,21,200257,0,"メタルアイパッチ:左:ホワイト",0,"",0,0,1,0,0,"カラー：ホワイトのフェイスアクセサリー","メタルアイパッチ:左:ホワイト"
258,398738,21,200258,0,"メタルアイパッチ:左:グレー",0,"",0,0,1,0,0,"カラー：グレーのフェイスアクセサリー","メタルアイパッチ:左:グレー"
259,464274,21,200259,0,"メタルアイパッチ:左:レッド",0,"",0,0,1,0,0,"カラー：レッドのフェイスアクセサリー","メタルアイパッチ:左:レッド"
260,529810,21,200260,0,"メタルアイパッチ:左:ブルー",0,"",0,0,1,0,0,"カラー：ブルーのフェイスアクセサリー","メタルアイパッチ:左:ブルー"
261,595346,21,200261,0,"メタルアイパッチ:左:グリーン",0,"",0,0,1,0,0,"カラー：グリーンのフェイスアクセサリー","メタルアイパッチ:左:グリーン"
262,660882,21,200262,0,"メタルアイパッチ:左:ブラス",0,"",0,0,1,0,0,"カラー：ブラスのフェイスアクセサリー","メタルアイパッチ:左:ブラス"
263,726418,21,200263,0,"メタルアイパッチ:左:パープル",0,"",0,0,1,0,0,"カラー：パープルのフェイスアクセサリー","メタルアイパッチ:左:パープル"
264,791954,21,200264,0,"メタルアイパッチ:左:ブラウン",0,"",0,0,1,0,0,"カラー：ブラウンのフェイスアクセサリー","メタルアイパッチ:左:ブラウン"
265,71059,22,200265,0,"メタルアイパッチ:右",0,"",0,0,1,0,0,"カラー：プレーンのフェイスアクセサリー","メタルアイパッチ:右"
266,136595,22,200266,0,"メタルアイパッチ:右:シルバー",0,"",0,0,1,0,0,"カラー：シルバーのフェイスアクセサリー","メタルアイパッチ:右:シルバー"
267,202131,22,200267,0,"メタルアイパッチ:右:ゴールド",0,"",0,0,1,0,0,"カラー：ゴールドのフェイスアクセサリー","メタルアイパッチ:右:ゴールド"
268,267667,22,200268,0,"メタルアイパッチ:右:ブラック",0,"",0,0,1,0,0,"カラー：ブラックのフェイスアクセサリー","メタルアイパッチ:右:ブラック"
269,333203,22,200269,0,"メタルアイパッチ:右:ホワイト",0,"",0,0,1,0,0,"カラー：ホワイトのフェイスアクセサリー","メタルアイパッチ:右:ホワイト"
270,398739,22,200270,0,"メタルアイパッチ:右:グレー",0,"",0,0,1,0,0,"カラー：グレーのフェイスアクセサリー","メタルアイパッチ:右:グレー"
271,464275,22,200271,0,"メタルアイパッチ:右:レッド",0,"",0,0,1,0,0,"カラー：レッドのフェイスアクセサリー","メタルアイパッチ:右:レッド"
272,529811,22,200272,0,"メタルアイパッチ:右:ブルー",0,"",0,0,1,0,0,"カラー：ブルーのフェイスアクセサリー","メタルアイパッチ:右:ブルー"
273,595347,22,200273,0,"メタルアイパッチ:右:グリーン",0,"",0,0,1,0,0,"カラー：グリーンのフェイスアクセサリー","メタルアイパッチ:右:グリーン"
274,660883,22,200274,0,"メタルアイパッチ:右:ブラス",0,"",0,0,1,0,0,"カラー：ブラスのフェイスアクセサリー","メタルアイパッチ:右:ブラス"
275,726419,22,200275,0,"メタルアイパッチ:右:パープル",0,"",0,0,1,0,0,"カラー：パープルのフェイスアクセサリー","メタルアイパッチ:右:パープル"
276,791955,22,200276,0,"メタルアイパッチ:右:ブラウン",0,"",0,0,1,0,0,"カラー：ブラウンのフェイスアクセサリー","メタルアイパッチ:右:ブラウン"
277,71060,23,200277,0,"クァールアイグラス",0,"",0,0,1,0,0,"カラー：プレーンのフェイスアクセサリー","クァールアイグラス"
278,136596,23,200278,0,"クァールアイグラス:シルバー",0,"",0,0,1,0,0,"カラー：シルバーのフェイスアクセサリー","クァールアイグラス:シルバー"
279,202132,23,200279,0,"クァールアイグラス:ゴールド",0,"",0,0,1,0,0,"カラー：ゴールドのフェイスアクセサリー","クァールアイグラス:ゴールド"
280,267668,23,200280,0,"クァールアイグラス:ブラック",0,"",0,0,1,0,0,"カラー：ブラックのフェイスアクセサリー","クァールアイグラス:ブラック"
281,333204,23,200281,0,"クァールアイグラス:ホワイト",0,"",0,0,1,0,0,"カラー：ホワイトのフェイスアクセサリー","クァールアイグラス:ホワイト"
282,398740,23,200282,0,"クァールアイグラス:グレー",0,"",0,0,1,0,0,"カラー：グレーのフェイスアクセサリー","クァールアイグラス:グレー"
283,464276,23,200283,0,"クァールアイグラス:レッド",0,"",0,0,1,0,0,"カラー：レッドのフェイスアクセサリー","クァールアイグラス:レッド"
284,529812,23,200284,0,"クァールアイグラス:ブルー",0,"",0,0,1,0,0,"カラー：ブルーのフェイスアクセサリー","クァールアイグラス:ブルー"
285,595348,23,200285,0,"クァールアイグラス:グリーン",0,"",0,0,1,0,0,"カラー：グリーンのフェイスアクセサリー","クァールアイグラス:グリーン"
286,660884,23,200286,0,"クァールアイグラス:ブラス",0,"",0,0,1,0,0,"カラー：ブラスのフェイスアクセサリー","クァールアイグラス:ブラス"
287,726420,23,200287,0,"クァールアイグラス:パープル",0,"",0,0,1,0,0,"カラー：パープルのフェイスアクセサリー","クァールアイグラス:パープル"
288,791956,23,200288,0,"クァールアイグラス:ブラウン",0,"",0,0,1,0,0,"カラー：ブラウンのフェイスアクセサリー","クァールアイグラス:ブラウン"
289,71061,24,200289,0,"リーディンググラス",0,"",0,0,1,0,0,"カラー：プレーンのフェイスアクセサリー","リーディンググラス"
290,136597,24,200290,0,"リーディンググラス:シルバー",0,"",0,0,1,0,0,"カラー：シルバーのフェイスアクセサリー","リーディンググラス:シルバー"
291,202133,24,200291,0,"リーディンググラス:ゴールド",0,"",0,0,1,0,0,"カラー：ゴールドのフェイスアクセサリー","リーディンググラス:ゴールド"
292,267669,24,200292,0,"リーディンググラス:ブラック",0,"",0,0,1,0,0,"カラー：ブラックのフェイスアクセサリー","リーディンググラス:ブラック"
293,333205,24,200293,0,"リーディンググラス:ホワイト",0,"",0,0,1,0,0,"カラー：ホワイトのフェイスアクセサリー","リーディンググラス:ホワイト"
294,398741,24,200294,0,"リーディンググラス:グレー",0,"",0,0,1,0,0,"カラー：グレーのフェイスアクセサリー","リーディンググラス:グレー"
295,464277,24,200295,0,"リーディンググラス:レッド",0,"",0,0,1,0,0,"カラー：レッドのフェイスアクセサリー","リーディンググラス:レッド"
296,529813,24,200296,0,"リーディンググラス:ブルー",0,"",0,0,1,0,0,"カラー：ブルーのフェイスアクセサリー","リーディンググラス:ブルー"
297,595349,24,200297,0,"リーディンググラス:グリーン",0,"",0,0,1,0,0,"カラー：グリーンのフェイスアクセサリー","リーディンググラス:グリーン"
298,660885,24,200298,0,"リーディンググラス:ブラス",0,"",0,0,1,0,0,"カラー：ブラスのフェイスアクセサリー","リーディンググラス:ブラス"
299,726421,24,200299,0,"リーディンググラス:パープル",0,"",0,0,1,0,0,"カラー：パープルのフェイスアクセサリー","リーディンググラス:パープル"
300,791957,24,200300,0,"リーディンググラス:ブラウン",0,"",0,0,1,0,0,"カラー：ブラウンのフェイスアクセサリー","リーディンググラス:ブラウン"
301,71062,25,200301,0,"ライトカラーグラス",0,"",0,0,1,0,0,"カラー：プレーンのフェイスアクセサリー","ライトカラーグラス"
302,136598,25,200302,0,"ライトカラーグラス:シルバー",0,"",0,0,1,0,0,"カラー：シルバーのフェイスアクセサリー","ライトカラーグラス:シルバー"
303,202134,25,200303,0,"ライトカラーグラス:ゴールド",0,"",0,0,1,0,0,"カラー：ゴールドのフェイスアクセサリー","ライトカラーグラス:ゴールド"
304,267670,25,200304,0,"ライトカラーグラス:ブラック",0,"",0,0,1,0,0,"カラー：ブラックのフェイスアクセサリー","ライトカラーグラス:ブラック"
305,333206,25,200305,0,"ライトカラーグラス:ホワイト",0,"",0,0,1,0,0,"カラー：ホワイトのフェイスアクセサリー","ライトカラーグラス:ホワイト"
306,398742,25,200306,0,"ライトカラーグラス:グレー",0,"",0,0,1,0,0,"カラー：グレーのフェイスアクセサリー","ライトカラーグラス:グレー"
307,464278,25,200307,0,"ライトカラーグラス:レッド",0,"",0,0,1,0,0,"カラー：レッドのフェイスアクセサリー","ライトカラーグラス:レッド"
308,529814,25,200308,0,"ライトカラーグラス:ブルー",0,"",0,0,1,0,0,"カラー：ブルーのフェイスアクセサリー","ライトカラーグラス:ブルー"
309,595350,25,200309,0,"ライトカラーグラス:グリーン",0,"",0,0,1,0,0,"カラー：グリーンのフェイスアクセサリー","ライトカラーグラス:グリーン"
310,660886,25,200310,0,"ライトカラーグラス:ブラス",0,"",0,0,1,0,0,"カラー：ブラスのフェイスアクセサリー","ライトカラーグラス:ブラス"
311,726422,25,200311,0,"ライトカラーグラス:パープル",0,"",0,0,1,0,0,"カラー：パープルのフェイスアクセサリー","ライトカラーグラス:パープル"
312,791958,25,200312,0,"ライトカラーグラス:ブラウン",0,"",0,0,1,0,0,"カラー：ブラウンのフェイスアクセサリー","ライトカラーグラス:ブラウン"
313,71063,26,200313,0,"ダンスマングラス",0,"",0,0,1,0,0,"カラー：プレーンのフェイスアクセサリー","ダンスマングラス"
314,136599,26,200314,0,"ダンスマングラス:シルバー",0,"",0,0,1,0,0,"カラー：シルバーのフェイスアクセサリー","ダンスマングラス:シルバー"
315,202135,26,200315,0,"ダンスマングラス:ゴールド",0,"",0,0,1,0,0,"カラー：ゴールドのフェイスアクセサリー","ダンスマングラス:ゴールド"
316,267671,26,200316,0,"ダンスマングラス:ブラック",0,"",0,0,1,0,0,"カラー：ブラックのフェイスアクセサリー","ダンスマングラス:ブラック"
317,333207,26,200317,0,"ダンスマングラス:ホワイト",0,"",0,0,1,0,0,"カラー：ホワイトのフェイスアクセサリー","ダンスマングラス:ホワイト"
318,398743,26,200318,0,"ダンスマングラス:グレー",0,"",0,0,1,0,0,"カラー：グレーのフェイスアクセサリー","ダンスマングラス:グレー"
319,464279,26,200319,0,"ダンスマングラス:レッド",0,"",0,0,1,0,0,"カラー：レッドのフェイスアクセサリー","ダンスマングラス:レッド"
320,529815,26,200320,0,"ダンスマングラス:ブルー",0,"",0,0,1,0,0,"カラー：ブルーのフェイスアクセサリー","ダンスマングラス:ブルー"
321,595351,26,200321,0,"ダンスマングラス:グリーン",0,"",0,0,1,0,0,"カラー：グリーンのフェイスアクセサリー","ダンスマングラス:グリーン"
322,660887,26,200322,0,"ダンスマングラス:ブラス",0,"",0,0,1,0,0,"カラー：ブラスのフェイスアクセサリー","ダンスマングラス:ブラス"
323,726423,26,200323,0,"ダンスマングラス:パープル",0,"",0,0,1,0,0,"カラー：パープルのフェイスアクセサリー","ダンスマングラス:パープル"
324,791959,26,200324,0,"ダンスマングラス:ブラウン",0,"",0,0,1,0,0,"カラー：ブラウンのフェイスアクセサリー","ダンスマングラス:ブラウン"
325,0,0,0,0,"",0,"",0,0,0,0,0,"",""
326,0,0,0,0,"",0,"",0,0,0,0,0,"",""
327,0,0,0,0,"",0,"",0,0,0,0,0,"",""
328,0,0,0,0,"",0,"",0,0,0,0,0,"",""
329,0,0,0,0,"",0,"",0,0,0,0,0,"",""
330,0,0,0,0,"",0,"",0,0,0,0,0,"",""
331,0,0,0,0,"",0,"",0,0,0,0,0,"",""
332,0,0,0,0,"",0,"",0,0,0,0,0,"",""
333,0,0,0,0,"",0,"",0,0,0,0,0,"",""
334,0,0,0,0,"",0,"",0,0,0,0,0,"",""
335,0,0,0,0,"",0,"",0,0,0,0,0,"",""
336,0,0,0,0,"",0,"",0,0,0,0,0,"",""
